1,employe1,employe1,09/27/1992,09/28/2013,100
2,employe2,employe2,09/27/1992,09/28/2013,200
3,employe3,employe3,09/27/1992,09/28/2013,300
4,employe4,employe4,09/27/1992,09/28/2013,400
5,employe5,employe5,09/27/1992,09/28/2013,500
6,employe6,employe6,09/27/1992,09/28/2013,600
7,employe7,employe7,09/27/1992,09/28/2013,700
8,employe8,employe8,09/27/1992,09/28/2013,800
9,employe9,employe9,09/27/1992,09/28/2013,900
10,employe10,employe10,09/27/1992,09/28/2013,1000
11,employe11,employe11,09/27/1992,09/28/2013,1100
12,employe12,employe12,09/27/1992,09/28/2013,1200
13,employe13,employe13,09/27/1992,09/28/2013,1300
14,employe14,employe14,09/27/1992,09/28/2013,1400
15,employe15,employe15,09/27/1992,09/28/2013,1500
16,employe16,employe16,09/27/1992,09/28/2013,1600
17,employe17,employe17,09/27/1992,09/28/2013,1700
18,employe18,employe18,09/27/1992,09/28/2013,1800
19,employe19,employe19,09/27/1992,09/28/2013,1900
20,employe20,employe20,09/27/1992,09/28/2013,2000
21,employe21,employe21,09/27/1992,09/28/2013,2100
22,employe22,employe22,09/27/1992,09/28/2013,2200
23,employe23,employe23,09/27/1992,09/28/2013,2300
24,employe24,employe24,09/27/1992,09/28/2013,2400
25,employe25,employe25,09/27/1992,09/28/2013,2500
26,employe26,employe26,09/27/1992,09/28/2013,2600
27,employe27,employe27,09/27/1992,09/28/2013,2700
28,employe28,employe28,09/27/1992,09/28/2013,2800
29,employe29,employe29,09/27/1992,09/28/2013,2900
30,employe30,employe30,09/27/1992,09/28/2013,3000
31,employe31,employe31,09/27/1992,09/28/2013,3100
32,employe32,employe32,09/27/1992,09/28/2013,3200
33,employe33,employe33,09/27/1992,09/28/2013,3300
34,employe34,employe34,09/27/1992,09/28/2013,3400
35,employe35,employe35,09/27/1992,09/28/2013,3500
36,employe36,employe36,09/27/1992,09/28/2013,3600
37,employe37,employe37,09/27/1992,09/28/2013,3700
38,employe38,employe38,09/27/1992,09/28/2013,3800
39,employe39,employe39,09/27/1992,09/28/2013,3900
40,employe40,employe40,09/27/1992,09/28/2013,4000
41,employe41,employe41,09/27/1992,09/28/2013,4100
42,employe42,employe42,09/27/1992,09/28/2013,4200
43,employe43,employe43,09/27/1992,09/28/2013,4300
44,employe44,employe44,09/27/1992,09/28/2013,4400
45,employe45,employe45,09/27/1992,09/28/2013,4500
46,employe46,employe46,09/27/1992,09/28/2013,4600
47,employe47,employe47,09/27/1992,09/28/2013,4700
48,employe48,employe48,09/27/1992,09/28/2013,4800
49,employe49,employe49,09/27/1992,09/28/2013,4900
50,employe50,employe50,09/27/1992,09/28/2013,5000
51,employe51,employe51,09/27/1992,09/28/2013,5100
52,employe52,employe52,09/27/1992,09/28/2013,5200
53,employe53,employe53,09/27/1992,09/28/2013,5300
54,employe54,employe54,09/27/1992,09/28/2013,5400
55,employe55,employe55,09/27/1992,09/28/2013,5500
56,employe56,employe56,09/27/1992,09/28/2013,5600
57,employe57,employe57,09/27/1992,09/28/2013,5700
58,employe58,employe58,09/27/1992,09/28/2013,5800
59,employe59,employe59,09/27/1992,09/28/2013,5900
60,employe60,employe60,09/27/1992,09/28/2013,6000
61,employe61,employe61,09/27/1992,09/28/2013,6100
62,employe62,employe62,09/27/1992,09/28/2013,6200
63,employe63,employe63,09/27/1992,09/28/2013,6300
64,employe64,employe64,09/27/1992,09/28/2013,6400
65,employe65,employe65,09/27/1992,09/28/2013,6500
66,employe66,employe66,09/27/1992,09/28/2013,6600
67,employe67,employe67,09/27/1992,09/28/2013,6700
68,employe68,employe68,09/27/1992,09/28/2013,6800
69,employe69,employe69,09/27/1992,09/28/2013,6900
70,employe70,employe70,09/27/1992,09/28/2013,7000
71,employe71,employe71,09/27/1992,09/28/2013,7100
72,employe72,employe72,09/27/1992,09/28/2013,7200
73,employe73,employe73,09/27/1992,09/28/2013,7300
74,employe74,employe74,09/27/1992,09/28/2013,7400
75,employe75,employe75,09/27/1992,09/28/2013,7500
76,employe76,employe76,09/27/1992,09/28/2013,7600
77,employe77,employe77,09/27/1992,09/28/2013,7700
78,employe78,employe78,09/27/1992,09/28/2013,7800
79,employe79,employe79,09/27/1992,09/28/2013,7900
80,employe80,employe80,09/27/1992,09/28/2013,8000
81,employe81,employe81,09/27/1992,09/28/2013,8100
82,employe82,employe82,09/27/1992,09/28/2013,8200
83,employe83,employe83,09/27/1992,09/28/2013,8300
84,employe84,employe84,09/27/1992,09/28/2013,8400
85,employe85,employe85,09/27/1992,09/28/2013,8500
86,employe86,employe86,09/27/1992,09/28/2013,8600
87,employe87,employe87,09/27/1992,09/28/2013,8700
88,employe88,employe88,09/27/1992,09/28/2013,8800
89,employe89,employe89,09/27/1992,09/28/2013,8900
90,employe90,employe90,09/27/1992,09/28/2013,9000
91,employe91,employe91,09/27/1992,09/28/2013,9100
92,employe92,employe92,09/27/1992,09/28/2013,9200
93,employe93,employe93,09/27/1992,09/28/2013,9300
94,employe94,employe94,09/27/1992,09/28/2013,9400
95,employe95,employe95,09/27/1992,09/28/2013,9500
96,employe96,employe96,09/27/1992,09/28/2013,9600
97,employe97,employe97,09/27/1992,09/28/2013,9700
98,employe98,employe98,09/27/1992,09/28/2013,9800
99,employe99,employe99,09/27/1992,09/28/2013,9900
100,employe100,employe100,09/27/1992,09/28/2013,10000
101,employe101,employe101,09/27/1992,09/28/2013,10100
102,employe102,employe102,09/27/1992,09/28/2013,10200
103,employe103,employe103,09/27/1992,09/28/2013,10300
104,employe104,employe104,09/27/1992,09/28/2013,10400
105,employe105,employe105,09/27/1992,09/28/2013,10500
106,employe106,employe106,09/27/1992,09/28/2013,10600
107,employe107,employe107,09/27/1992,09/28/2013,10700
108,employe108,employe108,09/27/1992,09/28/2013,10800
109,employe109,employe109,09/27/1992,09/28/2013,10900
110,employe110,employe110,09/27/1992,09/28/2013,11000
111,employe111,employe111,09/27/1992,09/28/2013,11100
112,employe112,employe112,09/27/1992,09/28/2013,11200
113,employe113,employe113,09/27/1992,09/28/2013,11300
114,employe114,employe114,09/27/1992,09/28/2013,11400
115,employe115,employe115,09/27/1992,09/28/2013,11500
116,employe116,employe116,09/27/1992,09/28/2013,11600
117,employe117,employe117,09/27/1992,09/28/2013,11700
118,employe118,employe118,09/27/1992,09/28/2013,11800
119,employe119,employe119,09/27/1992,09/28/2013,11900
120,employe120,employe120,09/27/1992,09/28/2013,12000
121,employe121,employe121,09/27/1992,09/28/2013,12100
122,employe122,employe122,09/27/1992,09/28/2013,12200
123,employe123,employe123,09/27/1992,09/28/2013,12300
124,employe124,employe124,09/27/1992,09/28/2013,12400
125,employe125,employe125,09/27/1992,09/28/2013,12500
126,employe126,employe126,09/27/1992,09/28/2013,12600
127,employe127,employe127,09/27/1992,09/28/2013,12700
128,employe128,employe128,09/27/1992,09/28/2013,12800
129,employe129,employe129,09/27/1992,09/28/2013,12900
130,employe130,employe130,09/27/1992,09/28/2013,13000
131,employe131,employe131,09/27/1992,09/28/2013,13100
132,employe132,employe132,09/27/1992,09/28/2013,13200
133,employe133,employe133,09/27/1992,09/28/2013,13300
134,employe134,employe134,09/27/1992,09/28/2013,13400
135,employe135,employe135,09/27/1992,09/28/2013,13500
136,employe136,employe136,09/27/1992,09/28/2013,13600
137,employe137,employe137,09/27/1992,09/28/2013,13700
138,employe138,employe138,09/27/1992,09/28/2013,13800
139,employe139,employe139,09/27/1992,09/28/2013,13900
140,employe140,employe140,09/27/1992,09/28/2013,14000
141,employe141,employe141,09/27/1992,09/28/2013,14100
142,employe142,employe142,09/27/1992,09/28/2013,14200
143,employe143,employe143,09/27/1992,09/28/2013,14300
144,employe144,employe144,09/27/1992,09/28/2013,14400
145,employe145,employe145,09/27/1992,09/28/2013,14500
146,employe146,employe146,09/27/1992,09/28/2013,14600
147,employe147,employe147,09/27/1992,09/28/2013,14700
148,employe148,employe148,09/27/1992,09/28/2013,14800
149,employe149,employe149,09/27/1992,09/28/2013,14900
150,employe150,employe150,09/27/1992,09/28/2013,15000
151,employe151,employe151,09/27/1992,09/28/2013,15100
152,employe152,employe152,09/27/1992,09/28/2013,15200
153,employe153,employe153,09/27/1992,09/28/2013,15300
154,employe154,employe154,09/27/1992,09/28/2013,15400
155,employe155,employe155,09/27/1992,09/28/2013,15500
156,employe156,employe156,09/27/1992,09/28/2013,15600
157,employe157,employe157,09/27/1992,09/28/2013,15700
158,employe158,employe158,09/27/1992,09/28/2013,15800
159,employe159,employe159,09/27/1992,09/28/2013,15900
160,employe160,employe160,09/27/1992,09/28/2013,16000
161,employe161,employe161,09/27/1992,09/28/2013,16100
162,employe162,employe162,09/27/1992,09/28/2013,16200
163,employe163,employe163,09/27/1992,09/28/2013,16300
164,employe164,employe164,09/27/1992,09/28/2013,16400
165,employe165,employe165,09/27/1992,09/28/2013,16500
166,employe166,employe166,09/27/1992,09/28/2013,16600
167,employe167,employe167,09/27/1992,09/28/2013,16700
168,employe168,employe168,09/27/1992,09/28/2013,16800
169,employe169,employe169,09/27/1992,09/28/2013,16900
170,employe170,employe170,09/27/1992,09/28/2013,17000
171,employe171,employe171,09/27/1992,09/28/2013,17100
172,employe172,employe172,09/27/1992,09/28/2013,17200
173,employe173,employe173,09/27/1992,09/28/2013,17300
174,employe174,employe174,09/27/1992,09/28/2013,17400
175,employe175,employe175,09/27/1992,09/28/2013,17500
176,employe176,employe176,09/27/1992,09/28/2013,17600
177,employe177,employe177,09/27/1992,09/28/2013,17700
178,employe178,employe178,09/27/1992,09/28/2013,17800
179,employe179,employe179,09/27/1992,09/28/2013,17900
180,employe180,employe180,09/27/1992,09/28/2013,18000
181,employe181,employe181,09/27/1992,09/28/2013,18100
182,employe182,employe182,09/27/1992,09/28/2013,18200
183,employe183,employe183,09/27/1992,09/28/2013,18300
184,employe184,employe184,09/27/1992,09/28/2013,18400
185,employe185,employe185,09/27/1992,09/28/2013,18500
186,employe186,employe186,09/27/1992,09/28/2013,18600
187,employe187,employe187,09/27/1992,09/28/2013,18700
188,employe188,employe188,09/27/1992,09/28/2013,18800
189,employe189,employe189,09/27/1992,09/28/2013,18900
190,employe190,employe190,09/27/1992,09/28/2013,19000
191,employe191,employe191,09/27/1992,09/28/2013,19100
192,employe192,employe192,09/27/1992,09/28/2013,19200
193,employe193,employe193,09/27/1992,09/28/2013,19300
194,employe194,employe194,09/27/1992,09/28/2013,19400
195,employe195,employe195,09/27/1992,09/28/2013,19500
196,employe196,employe196,09/27/1992,09/28/2013,19600
197,employe197,employe197,09/27/1992,09/28/2013,19700
198,employe198,employe198,09/27/1992,09/28/2013,19800
199,employe199,employe199,09/27/1992,09/28/2013,19900
200,employe200,employe200,09/27/1992,09/28/2013,20000
201,testing,tisting,10/10/1000,10/10/1000,1.23412e+11
